<?xml version="1.0"?>
<agenda>
    <contactos>
        <contacto id="1">
            <name>Pepito</name>
            <surname>Perez</surname>
            <telefono1>666999888</telefono1>
            <telefono2>666999777</telefono2>
            <email>pepito@gmail.com</email>
            <direccion>su casa</direccion>
        </contacto>
        <contacto id="2">
            <amigo>
                <name>Juanita</name>
                <surname>Lopez</surname>
            </amigo>
            <telefonos>
                <telefono1>666555666</telefono1>
                <telefono2>666555777</telefono2>
            </telefonos>
            <email>juanita@gmail.com</email>
            <direccion>su casa 2</direccion>
        </contacto>
        <contacto id="3">
            <name>Mario</name>
            <surname>Garcia</surname>
            <telefono1>666111222</telefono1>
            <telefono2>666333444</telefono2>
            <email>mario@gmail.com</email>
            <direccion>su casa 3</direccion>
        </contacto>
    </contactos>
</agenda>

