
{    
    "agenda":
    {
        "contactos":[
            {
                "name": "Pepito",
                "surname": "Perez",
                "telefono1":"666999888",
                "telefono2":"666999777",
                "email": "pepito@gmail.com",
                "direccion": "su casa"
            },
            {
                "amigo":
                {
                    "name": "Juanita",
                    "surname": "Lopez"
                },
                "telefonos":[
                    "666555666", "666555777"
                ],
                "email": "juanita@gmail.com",
                "direccion": "su casa 2"
            },
            {
                "name": "Mario",
                "surname": "Garcia",
                "telefono1":"666111222",
                "telefono2":"666333444",
                "email": "mario@gmail.com",
                "direccion": "su casa 3"
            }
        ]
    }
}

